timestamp,hour,message,process_name,pid,username,auth_action,auth_type,is_failure,source_ip,is_off_hours,is_ssh,is_sudo,auth_type_num,service_num,session_duration_minutes,anomaly_score,is_anomaly,z_duration,off_hours_risk,sudo_risk,failed_pw_risk
2026-08-08 10:27:24.857573+05:00,10,2026-08-08T10:27:24.857573+05:00 kubuntu sddm-helper: pam_unix(sddm:session): session opened for user ahmadjon(uid=1000) by ahmadjon(uid=0),sddm-helper,,ahmadjon,session_opened,pam,0,,0,0,0,2,4,5901.757317733333,17.96,True,17.96,0.0,0.0,0.0
2026-08-08 13:43:17.611954+05:00,13,2026-08-08T13:43:17.611954+05:00 kubuntu sddm-helper: pam_unix(sddm:session): session opened for user ahmadjon(uid=1000) by ahmadjon(uid=0),sddm-helper,,ahmadjon,session_opened,pam,0,,0,0,0,2,4,5705.87807805,17.37,True,17.37,0.0,0.0,0.0
2026-08-09 14:28:45.951953+05:00,14,2026-08-09T14:28:45.951953+05:00 kubuntu sddm-helper: pam_unix(sddm:auth): authentication failure; logname= uid=0 euid=0 tty= ruser= rhost=  user=ahmadjon,sddm-helper,,unknown,failure,unknown,1,,0,0,0,3,4,0.0,15.1,True,-0.07,0.0,0.0,0.0
2026-08-09 14:28:51.662097+05:00,14,2026-08-09T14:28:51.662097+05:00 kubuntu sddm-helper: pam_unix(sddm:session): session opened for user ahmadjon(uid=1000) by ahmadjon(uid=0),sddm-helper,,ahmadjon,session_opened,pam,0,,0,0,0,2,4,4220.310575666666,12.83,True,12.83,0.0,0.0,0.0
2026-08-10 09:07:43.877892+05:00,9,2026-08-10T09:07:43.877892+05:00 kubuntu sddm-helper: pam_unix(sddm:session): session opened for user ahmadjon(uid=1000) by ahmadjon(uid=0),sddm-helper,,ahmadjon,session_opened,pam,0,,0,0,0,2,4,3101.4403124166665,9.41,True,9.41,0.0,0.0,0.0
2026-08-11 08:51:17.326586+05:00,8,2026-08-11T08:51:17.326586+05:00 kubuntu sddm-helper: pam_unix(sddm:auth): authentication failure; logname= uid=0 euid=0 tty= ruser= rhost=  user=ahmadjon,sddm-helper,,unknown,failure,unknown,1,,0,0,0,3,4,0.0,15.1,True,-0.07,0.0,0.0,0.0
2026-08-11 08:51:26.656776+05:00,8,2026-08-11T08:51:26.656776+05:00 kubuntu sddm-helper: pam_unix(sddm:session): session opened for user ahmadjon(uid=1000) by ahmadjon(uid=0),sddm-helper,,ahmadjon,session_opened,pam,0,,0,0,0,2,4,1677.7273310166668,5.06,True,5.06,0.0,0.0,0.0
2026-08-11 17:23:48.528936+05:00,17,2026-08-11T17:23:48.528936+05:00 kubuntu kscreenlocker_greet: pam_unix(kde:auth): authentication failure; logname=ahmadjon uid=1000 euid=1000 tty= ruser= rhost=  user=ahmadjon,kscreenlocker_greet,,unknown,failure,unknown,1,,0,0,0,3,4,0.0,15.1,True,-0.07,0.0,0.0,0.0
2026-08-12 16:37:08.708188+05:00,16,2026-08-12T16:37:08.708188+05:00 kubuntu kscreenlocker_greet: pam_unix(kde:auth): authentication failure; logname=ahmadjon uid=1000 euid=1000 tty= ruser= rhost=  user=ahmadjon,kscreenlocker_greet,,unknown,failure,unknown,1,,0,0,0,3,4,0.0,15.1,True,-0.07,0.0,0.0,0.0
